物料编码,物料版本,物料描述,物料类型,采购单位,库存单位,物料品牌,单价,成本中心,小类,最小采购量,安全库存,备注
BK00000020,,Bearing 6204 ZZ C3,1,EA,EA,,,,,,,
BK00000021,,Bearing 6305 ZZ C3,1,EA,EA,,,,,,,
BK00000022,,Bearing 6306 ZZ C3,1,EA,EA,,,,,,,
BK00000024,,Bearing 6308 ZZ C3,1,EA,EA,,,,,,,
BK00000026,,Bearing 6310 ZZ C3,1,EA,EA,,,,,,,
BK00000075,,SEAL FRONT - 6305 - PLASTIC,1,EA,EA,,,,,,,
BK00000078,,SEAL FRONT - 6306 - PLASTIC,1,EA,EA,,,,,,,
BK00000887,,Bearing 6312 ZZ C3,1,EA,EA,,,,,,,
BK00000888,,Bearing 6309 ZZ C3,1,EA,EA,,,,,,,
BK00000992,,SEAL FRONT - 6308 - PLASTIC,1,EA,EA,,,,,,,
BK00000994,,SEAL FRONT - 6310 - PLASTIC,1,EA,EA,,,,,,,
BK00001206,,WASHER PLAIN M10 DIN125 GALV,1,EA,EA,,,,,,,
BK00001383,,"Spacer 50,5X0,50 mm",1,EA,EA,,,,,,,
BK00001384,,"Spacer 40,5X0,50 mm",1,EA,EA,,,,,,,
BK00001385,,"Spacer 30,5X0,50 mm",1,EA,EA,,,,,,,
BP00000006,,Bearing 6307 ZZ C3,1,EA,EA,,,,,,,
BP00001492,,Back Seal 6305,1,EA,EA,,,,,,,
BP00001493,,Back Seal 6308,1,EA,EA,,,,,,,
BP00001494,,Back Seal 6310,1,EA,EA,,,,,,,
BP00001495,,Back Seal 6306,1,EA,EA,,,,,,,
BP00001514,,Circlip 45x1.75 DIN 471,1,EA,EA,,,,,,,
BP00001515,,Circlip 25x1.2 DIN 471,1,EA,EA,,,,,,,
BP00001519,,Circlip 30x1.5 DIN 471,1,EA,EA,,,,,,,
BP00001526,,Circlip 40x1.75 DIN 471,1,EA,EA,,,,,,,
BP00001527,,Circlip 50x2 DIN 471,1,EA,EA,,,,,,,
BP00002000,,Paint Sandvik orange 22175 Penguard FC,1,L,L,,,,,,,
BP00002163,,"HEXAGON HEAD NUT, DIN 934 (ISO 4032),M10",1,EA,EA,,,,,,,
BP00005053,,Circlip 35x1.5 DIN 471,1,EA,EA,,,,,,,
BP00005120,,Back Seal 6309E,1,EA,EA,,,,,,,
BP00005121,,Back Seal 6307,1,EA,EA,,,,,,,
BP00006319,,LOCKING ELEMENT110x155 1006 Bikon,1,EA,EA,,,,,,,
BP00006324,,LOCKING ELEMENT160x210 1006 Bikon,1,EA,EA,,,,,,,
BP00006370,,LOCKING ELEMENT120x170 6006 Bikon,1,EA,EA,,,,,,,
BP00006372,,LOCKING ELEMENT140x195 6006 Bikon,1,EA,EA,,,,,,,
BP00006417,,LOCKING ELEMENT  150x210 2006 Bikon,1,EA,EA,,,,,,,
BP00006418,,LOCKING ELEMENT  160x220 2006 Bikon,1,EA,EA,,,,,,,
BP00006420,,LOCKING ELEMENT  180x250 2006 Bikon,1,EA,EA,,,,,,,
BP00006422,,LOCKING ELEMENT  200x270 2006 Bikon,1,EA,EA,,,,,,,
BP00006424,,LOCKING ELEMENT  240x310 2006 Bikon,1,EA,EA,,,,,,,
BP00006425,,LOCKING ELEMENT  260x330 2006 Bikon,1,EA,EA,,,,,,,
BP00006428,,LOCKING ELEMENT  320x405 2006 Bikon,1,EA,EA,,,,,,,
BP00006432,,LOCKING ELEMENT  400x485 2006 Bikon,1,EA,EA,,,,,,,
BP00006509,,"Spacer 20,5X0,50 mm",1,EA,EA,,,,,,,
BP00009781,,SEAL FRONT - 6312 - PLASTIC,1,EA,EA,,,,,,,
BP00012549,,BOLT HEXAGON HEAD DIN 933 8.8 M6X12mm GA,1,EA,EA,,,,,,,
BP00013268,,LOCKING ELEMENT RINGFEDER 7012 DIA 480 x,1,EA,EA,,,,,,,
BP00016050,,Paint Epoxy Zinc Rich GreyJotunbarrier80,1,L,L,,,,,,,
BP00016551,,L-bar_1_hole--60x75x6 mm,1,EA,EA,,,,,,,
BP00016552,,L EN 10056-1-75x75x6,1,EA,EA,,,,,,,
BP00016753,,Pate for Pulley dia 1300 x 50mm thick.,1,EA,EA,,,,,,,
BP00018753,,"BOLT HEXAGON HEAD, DIN 933, 8.8, M10X25M",1,EA,EA,,,,,,,
BP00028612,,"Tube 152,4X6 mm SAE 1008/1012",1,M,M,,,,,,,
BP00029215,,"Tube 152,4X4 mm SAE 1008/1012",1,M,M,,,,,,,
BP00029217,,"Tube 152,4X6 mm SAE 1008/1012",1,M,M,,,,,,,
BP00029218,,"Tube 177,8X6 mm SAE 1008/1012",1,M,M,,,,,,,
BP00043509,,"Spacer 35,5X0,50 mm",1,EA,EA,,,,,,,
BP00043510,,"Spacer 45,5X0,50 mm",1,EA,EA,,,,,,,
BP00048115,,"Tube 88,9X2,9 mm SAE 1008/1012",1,M,M,,,,,,,
BP00049496,,Back Seal 6312,1,EA,EA,,,,,,,
BP00049551,,Circlip 60x2.0 DIN 471,1,EA,EA,,,,,,,
BP00049698,,SPACER 90.5 X 110 X 2.5MM SUPERSEDES:163,1,EA,EA,,,,,,,
BP00066326,,Painti Green mint /G17 to AS2700 RAL6029,1,L,L,,,,,,,
BP00081608R,,Raw disc plate 387X150X40 EN10025-2 Q345,1,EA,EA,,,,,,,
BP00081821R,,line pipe: 406*2500*20,1,EA,EA,,,,,,,
BP00081822,,SHAFT NON DRIVE 135X3090 EN 10083-2 42Cr,1,EA,EA,,,,,,,
BP00083249,,END DISC T-S CAST T800-2006-180/200/220,1,EA,EA,,,,,,,
BP00083254,,END DISC CASTSGS4 T1000-2006-180/200/220,1,EA,EA,,,,,,,
BP00084161,,Bearing house 200mm STL 3144 ND M A,1,EA,EA,,,,,,,
BP00085093,,END DISC 800.0X330.0X126.0 EN 10213-3 GS,1,EA,EA,,,,,,,
BP00085095,,SHELL STRAIGHT 810X2048X22 GB T 1591-94,1,EA,EA,,,,,,,
BP00085097,,SHAFT NON DRIVE 280X3156 EN 10083-3 42Cr,1,EA,EA,,,,,,,
BP00085098,,12mm THICK COLD BONDED Smooth rubber,1,EA,EA,,,,,,,
BP00085121,,END DISC 800.0X310.0X126.0 EN 10213-3,1,EA,EA,,,,,,,
BP00085123,,Shell straight 810x2048x25 GB T 1591-94,1,EA,EA,,,,,,,
BP00085125,,SHAFT NON DRIVE 260X3122 EN 10250-3 42Cr,1,EA,EA,,,,,,,
BP00085126,,12mm THICK COLD BONDED Smooth rubber,1,EA,EA,,,,,,,
BP00085149,,END DISC 800.0X310.0X127.0 EN 10025-2 S3,1,EA,EA,,,,,,,
BP00085150,,Shell straight 810x2048x25 EN 10025-2,1,EA,EA,,,,,,,
BP00085151,,SHAFT NON DRIVE 260X3122 EN 10250-3 42Cr,1,EA,EA,,,,,,,
BP00085152,,12mm THICK COLD BONDED Smooth rubber,1,EA,EA,,,,,,,
BP00085174,,END DISC 800.0X310.0X127.0 EN 10213-3,1,EA,EA,,,,,,,
BP00085175,,Shell straight 810x2048x22 GB T Q345D,1,EA,EA,,,,,,,
BP00085176,,SHAFT NON DRIVE 260X3122 EN 10083-3 42Cr,1,EA,EA,,,,,,,
BP00085177,,12mm THICK COLD BONDED Smooth rubber,1,EA,EA,,,,,,,
BP00088790,,END DISC T-SHAPE CAST T1250-2006-240/260,1,EA,EA,,,,,,,
BP00088828,,END DISC T-S CAST T1250-2006-320/340/360,1,EA,EA,,,,,,,
BP00088832,,END DISC T-S CAST T1250-2006-380/400/420,1,EA,EA,,,,,,,
BP00088840,,END DISC T-SHAPE CAST T1400-2006-240/260,1,EA,EA,,,,,,,
BP00088856,,END DISC T-S CAST T1400-2006-380/400/420,1,EA,EA,,,,,,,
BP00089519,,Speed target 50x75x5mm Low carbon steel,1,EA,EA,,,,,,,
BP00092636,,12mm THICK COLD BONDED Smooth rubber,1,EA,EA,,,,,,,
BP00092870,,"Spacer 60,5X0,50 mm",1,EA,EA,,,,,,,
BP00094263,,PLATE 690x3 - LOW CARBON STEEL,1,EA,EA,,,,,,,
BP00094339,,PLATE 690x32 - LOW CARBON STEEL,1,EA,EA,,,,,,,
BP00094416,,COVER PLATE 480 690X35 GB/T1591 Q345B,1,EA,EA,,,,,,,
BP00095126,,"SPEED TARGET 50x75x5mm-""LOW CARBON STEEL",1,EA,EA,,,,,,,
BP00121680,,SEAL FRONT - 6309 - CARTRIGE,1,EA,EA,,,,,,,
BP00132725,,SEAL FRONT - 6308 - CARTRIGE,1,EA,EA,,,,,,,
BP00132779,,SEAL FRONT - 6307 - CARTRIGE,1,EA,EA,,,,,,,
BP00132880,,SEAL FRONT - 6310 - CARTRIGE,1,EA,EA,,,,,,,
BP00132899,,SEAL FRONT - 6312 - CARTRIGE,1,EA,EA,,,,,,,
BP00132935,,SEAL FRONT - 6306 - CARTRIGE,1,EA,EA,,,,,,,
BP00133476,,SHELL TUBE STRAIGHT 1005X1550X20 GB,1,EA,EA,,,,,,,
BP00133478,,SHAFT SINGLE DRIVE 200X2540 EN 10083-3 4,1,EA,EA,,,,,,,
BP00133483,,SHELL_TUBE STRAIGHT 805X1810X20 GB,1,EA,EA,,,,,,,
BP00133484,,DISC FLAME CUT PLATE 780X190X40 Q345D,1,EA,EA,,,,,,,
BP00133485,,SHAFT non drive 180x2260 en10250-3,1,EA,EA,,,,,,,
BP00133490,,SHELL_TUBE STRAIGHT 323X1810X16 GB,1,EA,EA,,,,,,,
BP00133491,,DISC FLAME CUT PLATE 301X135X30 Q345D,1,EA,EA,,,,,,,
BP00133492,,SHAFT non drive 125x2270 en10250-3,1,EA,EA,,,,,,,
BP00133499,,SHAFT 200X2575 EN 10250-3 42CRMO4,1,EA,EA,,,,,,,
BP00133505,,SHELL_TUBE STRAIGHT 805X1810X20 GB,1,EA,EA,,,,,,,
BP00133506,,DISC FLAME CUT PLATE 772X200X80 Q345D,1,EA,EA,,,,,,,
BP00133507,,SHAFT non drive 180x2302 en10250-3,1,EA,EA,,,,,,,
BP00133512,,SHELL_TUBE STRAIGHT 1005X1810X20 GB,1,EA,EA,,,,,,,
BP00133513,,DISC FLAME CUT PLATE 990X190X80 Q345D,1,EA,EA,,,,,,,
BP00133514,,SHAFT SINGLE DRIVE 170X2579 EN 10250-3 4,1,EA,EA,,,,,,,
BP00133519,,SHELL_TUBE STRAIGHT 1405X2080X35 GB T 15,1,EA,EA,,,,,,,
BP00133521,,SHAFT non drive 425x3336 en10250-3,1,EA,EA,,,,,,,
BP00133526,,SHELL_TUBE STRAIGHT 1255X2100X40,1,EA,EA,,,,,,,
BP00133528,,SHAFT non drive 340x3250 en10250-3,1,EA,EA,,,,,,,
BP00133533,,SHELL_TUBE STRAIGHT 1255X2080X40,1,EA,EA,,,,,,,
BP00133535,,SHAFT non drive 440x3336 en10250-3,1,EA,EA,,,,,,,
BP00133540,,SHELL_TUBE STRAIGHT 1255X2350X25 GB,1,EA,EA,,,,,,,
BP00133542,,SHAFT non drive 260x3400 en10250-3,1,EA,EA,,,,,,,
BP00133547,,SHELL_TUBE STRAIGHT 1405X2320X25 GB,1,EA,EA,,,,,,,
BP00133549,,SHAFT 257x4554 SAE4140 FORJ,1,EA,EA,,,,,,,
BP00134507,,SHELL_TUBE STRAIGHT 805X2348X20 GB,1,EA,EA,,,,,,,
BP00134509,,SHAFT SINGLE DRIVE 220X3740 EN 10250-3 4,1,EA,EA,,,,,,,
BP00134514,,SHELL_TUBE STRAIGHT 635X2400X20,1,EA,EA,,,,,,,
BP00134515,,END DISC 630.0X220.0X104.5 EN 10213-3,1,EA,EA,,,,,,,
BP00134516,,SHAFT NON DRIVE 180X3326 EN 10250-3,1,EA,EA,,,,,,,
BP00134528,,SHELL_TUBE STRAIGHT 508X2610X20,1,EA,EA,,,,,,,
BP00134529,,DISC FLAME CUT PLATE 495X175X55 Q345D,1,EA,EA,,,,,,,
BP00134530,,SHAFT SINGLE DRIVE 150X3403 EN 10250-3,1,EA,EA,,,,,,,
BP00134535,,SHELL_TUBE STRAIGHT 508X2610X20,1,EA,EA,,,,,,,
BP00134536,,DISC FLAME CUT PLATE 495X175X55 Q345D,1,EA,EA,,,,,,,
BP00134537,,SHAFT non drive 150x3016 en10250-3,1,EA,EA,,,,,,,
BP00219405,,Parallel Key 20x12x155mm-DIN6885-SAE1050,1,EA,EA,,,,,,,
BP00225888,,Bearing 60 MM - 22213 K - H 313 - SANDVI,1,EA,EA,,,,,,,
BP00225916,,Bearing 100 MM - 22222 K - H 322 - SANDV,1,EA,EA,,,,,,,
BP00225921,,Bearing 110 MM - 22224 K - H 3124,1,EA,EA,,,,,,,
BP00225930,,Bearing 125 MM - 22228 K - H 3128 - SAND,1,EA,EA,,,,,,,
BP00225940,,Bearing 140mm 22232 K H 3132,1,EA,EA,,,,,,,
BP00225946,,Bearing 150mm  23134 K H 3134,1,EA,EA,,,,,,,
BP00225951,,Bearing 160 MM - 23136 K - H 3136,1,EA,EA,,,,,,,
BP00225969,,Bearing 200 MM - 23144 K - OH 3144,1,EA,EA,,,,,,,
BP00225981,,Bearing 240 MM - 23152 K - OH 3152 H,1,EA,EA,,,,,,,
BP00225991,,Bearing 280 MM - 23160 K - OH 3160 H - S,1,EA,EA,,,,,,,
BP00226008,,Bearing 360 MM - 23176 K - OH 3176 H - S,1,EA,EA,,,,,,,
BP00241448,,BEARING HOUSING 60mm FSNLD 513-611 S M A,1,EA,EA,,,,,,,
BP00241591,,BEARING HOUSING 80mm FSNL 518-615 ND M A,1,EA,EA,,,,,,,
BP00241671,,BEARING HOUSING100mm FSNLD522-619 ND M A,1,EA,EA,,,,,,,
BP00241695,,BEARING HOUSING 110mmFSNLD524-620 ND M B,1,EA,EA,,,,,,,
BP00241703,,BEARING HOUSING 110mmFSNLD524-620 ND M A,1,EA,EA,,,,,,,
BP00241823,,BEARING HOUSING 140mm FSNLD 532 ND M B,1,EA,EA,,,,,,,
BP00241831,,BEARING HOUSING 140mm FSNLD 532 ND M A,1,EA,EA,,,,,,,
BP00244717,,BEARING HOUSING 150mm SNLD 3134 ND M B,1,EA,EA,,,,,,,
BP00244720,,BEARING HOUSING 160mm SNLD 3136 ND M B,1,EA,EA,,,,,,,
BP00244739,,BEARING HOUSING 220mm SNLD 3148 ND M B,1,EA,EA,,,,,,,
BP00244869,,BEARING HOUSING 150mm SNLD 3134 ND M A,1,EA,EA,,,,,,,
BP00244872,,BEARING HOUSING 160mm SNLD 3136 ND M A,1,EA,EA,,,,,,,
BP00244906,,BEARING HOUSING 280mm SNLD 3160 ND M A,1,EA,EA,,,,,,,
BP00244921,,BEARING HOUSING 360mm SNLD 3176 ND M A,1,EA,EA,,,,,,,
BP00245190,,Bearing house 200mm SNL 3144 ND M A,1,EA,EA,,,,,,,
BP00245201,,Bearing house 240mm SNL 3152 ND M A,1,EA,EA,,,,,,,
BP00272987,,I RUB RING 85.5x133x50-109 TYPE E EDGE,1,EA,EA,,,,,,,
BP00272995,,I RUB RING 85.5x133x50-109 TYPE E EDGE,1,EA,EA,,,,,,,
BP00273011,, I RUB RING 85.5x133x50 STD TYPE E CENTE,1,EA,EA,,,,,,,
BP00273014,,I RUB RING 85.5x133x50 FRAS TYPE E CENTE,1,EA,EA,,,,,,,
BP00273026,,RE RUB RING 85.5x133x40 STD TYPE B EDGE,1,EA,EA,,,,,,,
BP00273027,,RE RUB RING 85.5x133x40 FRAS TYPE B EDGE,1,EA,EA,,,,,,,
BP00273029,,RE RUB RING 85.5x133x40 STD TYPE B CENTE,1,EA,EA,,,,,,,
BP00273255,,RE RUB RING 85.5x133x40 FRAS TYPE B CENT,1,EA,EA,,,,,,,
BP00273622,,I RUB RING 96.5x159x50 STD TYPE E CENTER,1,EA,EA,,,,,,,
BP00273623,,I RUB RING 96.5x178x50 STD TYPE E CENTER,1,EA,EA,,,,,,,
BP00273624,,I RUB RING 121x194x50 STD TYPE E CENTER,1,EA,EA,,,,,,,
BP00273625,,I RUB RING 145.5x219x50 STD TYPE E CENTE,1,EA,EA,,,,,,,
BP00273626,,I RUB RING 96.5x159x50 FRAS TYPE E CENTE,1,EA,EA,,,,,,,
BP00273627,,I RUB RING 96.5x178x50 FRAS TYPE E CENTE,1,EA,EA,,,,,,,
BP00273628,,I RUB RING 121x194x50 FRAS TYPE E CENTER,1,EA,EA,,,,,,,
BP00273629,,I RUB RING 145.5x219x50 FRAS TYPE E CENT,1,EA,EA,,,,,,,
BP00273630,,I RUB RING 96.5x159x50 STD BULL NOSE,1,EA,EA,,,,,,,
BP00273631,,I RUB RING 96.5x178x50 STD BULL NOSE,1,EA,EA,,,,,,,
BP00273632,,I RUB RING 121x194x50 STD BULL NOSE,1,EA,EA,,,,,,,
BP00273633,,I RUB RING 145.5x219x50 STD BULL NOSE,1,EA,EA,,,,,,,
BP00273656,,RE RUB RING 96.5x159x50 STD TYPE B CENTE,1,EA,EA,,,,,,,
BP00273657,,RE RUB RING 96.5x178x50 STD TYPE B CENTE,1,EA,EA,,,,,,,
BP00273658,,RE RUB RING 121x194x50 STD TYPE B CENTER,1,EA,EA,,,,,,,
BP00273659,,RE RUB RING 145.5x219x50 STD TYPE B CENT,1,EA,EA,,,,,,,
BP00273660,,RE RUB RING 96.5x159x50 FRAS TYPE B CENT,1,EA,EA,,,,,,,
BP00273661,,RE RUB RING96.5x178x50 FRAS TYPE B CENTE,1,EA,EA,,,,,,,
BP00273662,,RE RUB RING121x194x50 FRAS TYPE B CENTER,1,EA,EA,,,,,,,
BP00273663,,RE RUB RING 145.5x219x50FRAS TYPE B CENT,1,EA,EA,,,,,,,
BP00273673,,RE RUB RING 96.5x159x50 STD TYPE B EDGE,1,EA,EA,,,,,,,
BP00273674,,RE RUB RING 96.5x178x50 STD TYPE B EDGE,1,EA,EA,,,,,,,
BP00273675,,RE RUB RING 121x194x50 STD TYPE B EDGE,1,EA,EA,,,,,,,
BP00273676,,RE RUB RING 145.5x219x50 STD TYPE B EDGE,1,EA,EA,,,,,,,
BP00273677,,RE RUB RING 96.5x159x50 FRAS TYPE B EDGE,1,EA,EA,,,,,,,
BP00273678,,RE RUB RING 96.5x178x50 FRAS TYPE B EDGE,1,EA,EA,,,,,,,
BP00273679,,RE RUB RING 121x194x50 FRAS TYPE B EDGE,1,EA,EA,,,,,,,
BP00273680,,RE RUB RING 145.5x219x50 FRAS TYPE B EDG,1,EA,EA,,,,,,,
BP00273697,,I RUB RING 96.5x159x50-122 TYPE E EDGE,1,EA,EA,,,,,,,
BP00273698,,I RUB RING 96.5x178x50-122 TYPE E EDGE,1,EA,EA,,,,,,,
BP00273699,,I RUB RING 121x194x50-158 TYPE E EDGE,1,EA,EA,,,,,,,
BP00273700,,I RUB RING 145.5x219x50 182 TYPE E EDGE,1,EA,EA,,,,,,,
BP00273701,,I RUB RING 96.5x159x50-122 TYPE E EDGE,1,EA,EA,,,,,,,
BP00273702,,I RUB RING 96.5x178x50-122 TYPE E EDGE,1,EA,EA,,,,,,,
BP00273703,,I RUB RING 121x194x50- 158 TYPE E EDGE,1,EA,EA,,,,,,,
BP00273704,,I RUB RING 145.5x219x50-182 TYPE E EDGE,1,EA,EA,,,,,,,
BP00274605,,LOCKING DISC - GLOBAL - Dia.63.5x5.2,1,EA,EA,,,,,,,
BP00274606,,LOCKING DISC - GLOBAL - Dia.88.9x6.3,1,EA,EA,,,,,,,
BP00274608,,LOCKING DISC - GLOBAL -Dia.102x5.7,1,EA,EA,,,,,,,
BP00274609,,LOCKING DISC - GLOBAL -Dia 127X5.8,1,EA,EA,,,,,,,
BP00274643,,END CAP 6305-88.9x2.9 EN 10111-DD13,1,EA,EA,,,,,,,
BP00274668,,End Cap 6305-127x3.5,1,EA,EA,,,,,,,
BP00274670,,End Cap 6305-152.4x4,1,EA,EA,,,,,,,
BP00274676,,End Cap 6306-152.4x4,1,EA,EA,,,,,,,
BP00274678,,End Cap 6306-177.8x6,1,EA,EA,,,,,,,
BP00274681,,End Cap 6308-152.4x4,1,EA,EA,,,,,,,
BP00275859,,End Cap 6305-152.4x6,1,EA,EA,,,,,,,
BP00275861,,End Cap 6308-152.4x6,1,EA,EA,,,,,,,
BP00276005,,End Cap 6307-152.4x4,1,EA,EA,,,,,,,
BP00276008,,"End Cap 6309-152,4x4 GLOBAL",1,EA,EA,,,,,,,
BP00276009,,"End Cap 6309-177,8x6 GLOBAL",1,EA,EA,,,,,,,
BP00276182,,Spacer Tube 113.00X103.00X85.00 mm,1,M,M,,,,,,,
BP00276183,,Spacer Tube 138.50X128.50X85.00 mm,1,M,M,,,,,,,
BP00276184,,Spacer Tube 163.50X153.50X85.00 mm,1,M,M,,,,,,,
BP00280164,,"Tube 127X3,5 mm SAE 1008/1012",1,M,M,,,,,,,
BP00281754,,Bearing 220mm - 23148 K - OH 3148 H,1,EA,EA,,,,,,,
BP00282306,,RAW MATERIAL TUBE STRAIGHT 1310X1466X55,1,EA,EA,,,,,,,
BP00282307,,END DISC 1300X585X150 EN 10293 G20Mn5,1,EA,EA,,,,,,,
BP00282308,,SHAFT NONDRIVE 480X3200 EN10250-2 C45Q+T,1,EA,EA,,,,,,,
BP00282309,,15mm THICK COLD BONDED PLAINCERAMIC 20kg,1,EA,EA,,,,,,,
BP00282484,,Lagging HV60/6mm - 1100X40500,1,EA,EA,,,,,,,
BP00282765,,Lagging HV60/10mm - 1100X24300,1,EA,EA,,,,,,,
BP00282946,,ROLLER SHAFT30X30X991MM B,1,EA,EA,,,,,,,
BP00282971,,ROLLER SHAFT - 30X25X430MM ENDFITTING B,1,EA,EA,,,,,,,
BP00282978,,ROLLER SHAFT - 50X45X679MM ENDFITTING B,1,EA,EA,,,,,,,
BP00282988,,ROLLER SHAFT - 45X40X458MM ENDFITTING B,1,EA,EA,,,,,,,
BP00282998,,ROLLER SHAFT - 30X25X786MM ENDFITTING B,1,EA,EA,,,,,,,
BP00283002,,ROLLER SHAFT - 30X25X693MM ENDFITTING B,1,EA,EA,,,,,,,
BP00283041,,ROLLER SHAFT - 30X25X483MM ENDFITTING B,1,EA,EA,,,,,,,
BP00283046,,ROLLER SHAFT 30X25X964.5MM (K&B),1,EA,EA,,,,,,,
BP00283050,,ROLLER SHAFT - 35X25X679MM ENDFITTING B,1,EA,EA,,,,,,,
BP00283055,,ROLLER SHAFT - 35X30X548MM ENDFITTING B,1,EA,EA,,,,,,,
BP00283060,,ROLLER SHAFT - 25X25X378MM ENDFITTING B,1,EA,EA,,,,,,,
BP00283064,,ROLLER SHAFT - 25X25X483MM ENDFITTING B,1,EA,EA,,,,,,,
BP00283075,,ROLLER SHAFT - 45X40X595MM ENDFITTING B,1,EA,EA,,,,,,,
BP00283079,,ROLLER SHAFT - 45X40X615MM ENDFITTING B,1,EA,EA,,,,,,,
BP00283084,,ROLLER SHAFT - 45X40X676MM ENDFITTING B,1,EA,EA,,,,,,,
BP00283094,,ROLLER SHAFT 35X30X518.6MM ENDFITTING B,1,EA,EA,,,,,,,
BP00283099,,ROLLER SHAFT - 35X30X490MM ENDFITTING B,1,EA,EA,,,,,,,
BP00283104,,ROLLER SHAFT - 50X45X615MM ENDFITTING B,1,EA,EA,,,,,,,
BP00283109,,ROLLER SHAFT - 40X35X991MM ENDFITTING B,1,EA,EA,,,,,,,
BP00283114,,ROLLER SHAFT - 35X25X608MM ENDFITTING B,1,EA,EA,,,,,,,
BP00283118,,ROLLER SHAFT - 25X25X551MM ENDFITTING B,1,EA,EA,,,,,,,
BP00283128,,ROLLER SHAFT - 30X25X984MM ENDFITTING B,1,EA,EA,,,,,,,
BP00283232,,ROLLER SHAFT - 25X25X693MM ENDFITTING B,1,EA,EA,,,,,,,
BP00283766,,COVER PLATE 480 690x35 - GB/T1591 Q345B,1,EA,EA,,,,,,,
BP00283859,,SPACER 89x10mm,1,EA,EA,,,,,,,
BP00284643,,Bearing house 200mm STL 3144 ND M A,1,EA,EA,,,,,,,
BP00285442,,Bearing house 140mm - STL D 3132 TAC M B,1,EA,EA,,,,,,,
BP00285455,,Bearing house 140mm - STL D 3132 TAC M A,1,EA,EA,,,,,,,
BP00285552,,Bearing 140MM 23132 K-H3132 SANDVIK STD,1,EA,EA,,,,,,,
BP00285555,,Bearing house 110mm - STL D 2224 TAC M A,1,EA,EA,,,,,,,
BP00285557,,Bearing house 125mm - STL D 2228 TAC M A,1,EA,EA,,,,,,,
BP00285559,,Bearing house 360mm STL D 3176 TAC M A,1,EA,EA,,,,,,,
BP00285730,,Paint Middle coat Intergard 345,1,L,L,,,,,,,
BP00285731,,Paint Interthane 870 22175 sandvikorange,1,L,L,,,,,,,
BP00285732,,Paint Primer Interzinc 52,1,L,L,,,,,,,
BP00286742,,BEARING 80MM 23218 K H 2318 SANDVIK STD,1,EA,EA,,,,,,,
CRADLE7175-2,,cradle pulley 07175-2,1,EA,EA,,,,,,,
PULLEY-INTERMEDIAT,,Pulley Interm Penguard Midcoat M20 150um,1,L,L,,,,,,,
PULLEY-TOP-COAT,,Paint Hardtop XP RAL 22175 125#m Orange,1,L,L,,,,,,,
PULLEY_PRIMER,,Pulley Primer Jotun Barrier 80 -  50um,1,L,L,,,,,,,
BP00081819,,PULLEY BODY 403.5X2400,3,EA,EA,,,,,,,
BP00081819,,PULLEY BODY 403.5X2400,3,EA,EA,,,,,,,
BP00085092,,PULLEY BODY 800x2300,3,EA,EA,,,,,,,
BP00085092H,,PULLEY BODY 800x2300,3,EA,EA,,,,,,,
BP00085120,,PULLEY BODY 800X2300,3,EA,EA,,,,,,,
BP00085120H,,PULLEY BODY 800x2300,3,EA,EA,,,,,,,
BP00085148,,PULLEY BODY 800X2300,3,EA,EA,,,,,,,
BP00085148H,,PULLEY BODY 800x2300,3,EA,EA,,,,,,,
BP00085173,,PULLEY BODY 800X2300,3,EA,EA,,,,,,,
BP00085173H,,PULLEY BODY 800x2300,3,EA,EA,,,,,,,
BP00133475,,PULLEY BODY 1000X1800,3,EA,EA,,,,,,,
BP00133475H,,PULLEY BODY 1000X1800 after HT,3,EA,EA,,,,,,,
BP00133482,,PULLEY BODY 800X1800,3,EA,EA,,,,,,,
BP00133482H,,PULLEY BODY 800X1800 After Heat Treatmen,3,EA,EA,,,,,,,
BP00133489,,PULLEY BODY 315X1800,3,EA,EA,,,,,,,
BP00133489H,,PULLEY BODY 315X1800 after heat treatmen,3,EA,EA,,,,,,,
BP00133504,,PULLEY BODY 800X1800,3,EA,EA,,,,,,,
BP00133504H,,PULLEY BODY 800X1800 After Heat Treatmen,3,EA,EA,,,,,,,
BP00133511,,PULLEY BODY 1000X1800,3,EA,EA,,,,,,,
BP00133511H,,PULLEY BODY 1000X1800 after HT,3,EA,EA,,,,,,,
BP00133518,,PULLEY BODY 1400X2400,3,EA,EA,,,,,,,
BP00133518H,,PULLEY BODY 1400X2400 after HT,3,EA,EA,,,,,,,
BP00133525,,PULLEY BODY 1250X2400,3,EA,EA,,,,,,,
BP00133525H,,PULLEY BODY 1250X2400 AFTER HT,3,EA,EA,,,,,,,
BP00133532,,PULLEY BODY 1250X2400,3,EA,EA,,,,,,,
BP00133532H,,PULLEY BODY 1250X2400 AFTER HT,3,EA,EA,,,,,,,
BP00133539,,PULLEY BODY 1250X2600,3,EA,EA,,,,,,,
BP00133539H,,PULLEY BODY 1250X2600 AFTER HT,3,EA,EA,,,,,,,
BP00133546,,PULLEY BODY 1400X2600,3,EA,EA,,,,,,,
BP00133546H,,PULLEY BODY 1400X2600 AFTER HT,3,EA,EA,,,,,,,
BP00134506,,PULLEY BODY 800X2600,3,EA,EA,,,,,,,
BP00134506H,,PULLEY BODY 800X2600 AFTER HT,3,EA,EA,,,,,,,
BP00134513,,PULLEY BODY 630X2600,3,EA,EA,,,,,,,
BP00134513H,,PULLEY BODY 630X2600 AFTER HT,3,EA,EA,,,,,,,
BP00134527,,PULLEY BODY 500X2600,3,EA,EA,,,,,,,
BP00134527H,,PULLEY BODY 500X2600 AFTER HT,3,EA,EA,,,,,,,
BP00134534,,PULLEY BODY 500X2600,3,EA,EA,,,,,,,
BP00134534H,,PULLEY BODY 500X2600 AFTER HT,3,EA,EA,,,,,,,
BP00282305,,PULLEY BODY 1300X1750,3,EA,EA,,,,,,,
BP00282305-H,,PULLEY BODY 1300X1750,3,EA,EA,,,,,,,
BP00283131,,Roller Shell - 152x6x637mm,3,EA,EA,,,,,,,
BP00081798,,PULLEY NON DRIVE 427.5X2400X3000 6006,2,EA,EA,,,,,,,
BP00081798,,PULLEY NON DRIVE 427.5X2400X3000 6006,2,EA,EA,,,,,,,
BP00085089,,Pulley non drive 824x2300x2900 2006 260,2,EA,EA,,,,,,,
BP00085089,,Pulley non drive 824x2300x2900 2006 260,2,EA,EA,,,,,,,
BP00085107,,Pulley non drive 824x2300x2900 2006 240,2,EA,EA,,,,,,,
BP00085107,,Pulley non drive 824x2300x2900 2006 240,2,EA,EA,,,,,,,
BP00085140,,Pulley non drive 824x2300x2900 2006 240,2,EA,EA,,,,,,,
BP00085140,,Pulley non drive 824x2300x2900 2006 240,2,EA,EA,,,,,,,
BP00085166,,Pulley non drive 824x2300x2900 2006 240,2,EA,EA,,,,,,,
BP00085166,,Pulley non drive 824x2300x2900 2006 240,2,EA,EA,,,,,,,
BP00133473,,PULLEY SINGLE DRIVE 1040X1800X2150 2006,2,EA,EA,,,,,,,
BP00133480,,Pulley non drive 832x1800x2150 1006 160,2,EA,EA,,,,,,,
BP00133487,,Pulley non drive 347x1800x2200 1006 110,2,EA,EA,,,,,,,
BP00133494,,PULLEY SINGLE DRIVE 1040X1800X2150 2006,2,EA,EA,,,,,,,
BP00133502,,Pulley non drive 832x1800x2150 2006 160,2,EA,EA,,,,,,,
BP00133509,,PULLEY SINGLE DRIVE 1040X1800X2150 2006,2,EA,EA,,,,,,,
BP00133516,,Pulley non drive 1432x2400x3000 2006 400,2,EA,EA,,,,,,,
BP00133523,,Pulley non drive 1282x2400x3000 2006 320,2,EA,EA,,,,,,,
BP00133530,,Pulley non drive 1282x2400x3000 2006 400,2,EA,EA,,,,,,,
BP00133537,,Pulley non drive 1282x2600x3200 2006 240,2,EA,EA,,,,,,,
BP00133544,,PULLEY DUAL DRIVE 1440X2600X3200 2006 24,2,EA,EA,,,,,,,
BP00134504,,PULLEY SINGLE DRIVE 840X2600X3200 2006 2,2,EA,EA,,,,,,,
BP00134511,,PULLEY NON DRIVE 662X2600X3200 2006 160,2,EA,EA,,,,,,,
BP00134525,,PULLEY SINGLE DRIVE 540X2600X2900 6006,2,EA,EA,,,,,,,
BP00134532,,Pulley non drive 532x2600x2900 6006 140,2,EA,EA,,,,,,,
BP00282288SM,,PULLEY NODRIVE 1330X1750X2900 BP00282288,2,EA,EA,,,,,,,
BP00282288SM,,PULLEY NODRIVE 1330X1750X2900 BP00282288,2,EA,EA,,,,,,,
BP00282942,,"ROLLER ""RS"" 152D x 6306B x 945F",2,EA,EA,,,,,,,
BP00282968,,"ROLLER ""RS"" 152D x 6305B x 388F",2,EA,EA,,,,,,,
BP00282968,,"ROLLER ""RS"" 152D x 6305B x 388F",2,EA,EA,,,,,,,
BP00282973,,"ROLLER ""RS"" 178D x 6309B x 633F",2,EA,EA,,,,,,,
BP00282984,,"ROLLER ""RS"" 152D x 6308B x 412F",2,EA,EA,,,,,,,
BP00282995,,"ROLLER ""RS"" 127D x 6305B x 741F",2,EA,EA,,,,,,,
BP00282995,,"ROLLER ""RS"" 127D x 6305B x 741F",2,EA,EA,,,,,,,
BP00282999,,"ROLLER ""RS"" 152D x 6305B x 651F",2,EA,EA,,,,,,,
BP00282999,,"ROLLER ""RS"" 152D x 6305B x 651F",2,EA,EA,,,,,,,
BP00283037,,"ROLLER ""RS"" 152D x 6305B x 441F",2,EA,EA,,,,,,,
BP00283037,,"ROLLER ""RS"" 152D x 6305B x 441F",2,EA,EA,,,,,,,
BP00283042,,"ROLLER ""RS"" 152D x 6305B x 845F",2,EA,EA,,,,,,,
BP00283042,,"ROLLER ""RS"" 152D x 6305B x 845F",2,EA,EA,,,,,,,
BP00283052,,"ROLLER ""RS"" 152D x 6306B x 502F",2,EA,EA,,,,,,,
BP00283057,,"ROLLER ""RS"" 127D x 6305B x 333F",2,EA,EA,,,,,,,
BP00283057,,"ROLLER ""RS"" 127D x 6305B x 333F",2,EA,EA,,,,,,,
BP00283057,,"ROLLER ""RS"" 127D x 6305B x 333F",2,EA,EA,,,,,,,
BP00283061,,"ROLLER ""RS"" 127D x 6305B x 438F",2,EA,EA,,,,,,,
BP00283061,,"ROLLER ""RS"" 127D x 6305B x 438F",2,EA,EA,,,,,,,
BP00283065,,"ROLLER ""RS"" 152D x 6305B x 566F",2,EA,EA,,,,,,,
BP00283065,,"ROLLER ""RS"" 152D x 6305B x 566F",2,EA,EA,,,,,,,
BP00283069,,"ROLLER ""RS"" 152D x 6308B x 549F",2,EA,EA,,,,,,,
BP00283076,,"ROLLER ""RS"" 152D x 6308B x 569F",2,EA,EA,,,,,,,
BP00283080,,"ROLLER ""RS"" 152D x 6308B x 630F",2,EA,EA,,,,,,,
BP00283090,,"ROLLER ""RSB"" 178D x 6306B x 470F",2,EA,EA,,,,,,,
BP00283095,,"ROLLER ""RS"" 152D x 6306B x 444F",2,EA,EA,,,,,,,
BP00283100,,"ROLLER ""RS"" 152D x 6309B x 569F",2,EA,EA,,,,,,,
BP00283105,,"ROLLER ""RS"" 152D x 6307B x 943F",2,EA,EA,,,,,,,
BP00283115,,"ROLLER ""RS"" 127D x 6305B x 506F",2,EA,EA,,,,,,,
BP00283115,,"ROLLER ""RS"" 127D x 6305B x 506F",2,EA,EA,,,,,,,
BP00283125,,"ROLLER ""RS"" 152D x 6305B x 942F",2,EA,EA,,,,,,,
BP00283125,,"ROLLER ""RS"" 152D x 6305B x 942F",2,EA,EA,,,,,,,
BP00283130,,"ROLLER ""RSG"" 152D x 6305B x 637F",2,EA,EA,,,,,,,
BP00283130,,"ROLLER ""RSG"" 152D x 6305B x 637F",2,EA,EA,,,,,,,
BP00283231,,"ROLLER ""RS"" 152D x 6305B x 651F",2,EA,EA,,,,,,,
BP00283231,,"ROLLER ""RS"" 152D x 6305B x 651F",2,EA,EA,,,,,,,
BP00283280,,"ROLLER ""RID"" 133D x 6305B x 333F",2,EA,EA,,,,,,,
BP00283280,,"ROLLER ""RID"" 133D x 6305B x 333F",2,EA,EA,,,,,,,
10000,,气保焊导电嘴?? 1.0mm,4,PCS,PCS,林肯Lincoln,,895835603,配件,50,20,
10001,,气保焊导电嘴?? 1.2mm,4,PCS,PCS,松下Panasonic,,895835603,配件,50,20,
10002,,气保焊导电嘴?? 1.6mm,4,PCS,PCS,松下Panasonic,,895835603,配件,50,20,
10003,,气保焊导电嘴?? 2.0mm,4,PCS,PCS,宾采尔,,895835603,配件,50,20,
10004,,埋弧焊导电嘴 3.2mm,4,PCS,PCS,宾采尔,,895835603,配件,50,20,
10005,,喷嘴 145.0085,4,PCS,PCS,宾采尔,78.47,895835603,配件,50,20,
10006,,焊接分流器 TGR01001,4,PCS,PCS,松下Panasonic,,895835603,配件,30,10,
10007,,埋弧焊枪导电嘴 4.0mm,4,PCS,PCS,兆锋,56,895835603,配件,50,10,
10008,,导电嘴 M8   140.0445 （φ1.2）mm,4,PCS,PCS,宾采尔BINZEL,,895835602,配件,50,20,
10009,,送丝软管Wire feed tube 122.0031,4,PCS,PCS,宾采尔BINZEL,,895835602,配件,5,2,
10010,,送丝轮Wire feed roll MDR01214,4,PCS,PCS,松下Panasonic,200,895835602,配件,5,2,
10011,,喷嘴nozzle TGN01610-01,4,PCS,PCS,松下Panasonic,30,895835602,配件,20,5,
10012,,钻头drill 12_GB6135_3,4,PCS,PCS,/,20,895835602,刀具,10,5,
10013,,焊丝welding wire 1.2mm,4,KG,KG,林肯Lincoln,,895835602,焊丝,2400,1200,
10014,,焊丝welding wire 1.6mm,4,KG,KG,林肯Lincoln,,895835602,焊丝,1000,500,
10015,,焊丝welding wire 1.0mm,4,KG,KG,林肯Lincoln,,895835602,焊丝,1000,500,
10016,,焊丝welding wire 4.0mm,4,KG,KG,林肯Lincoln,,895835603,焊丝,1000,500,
10017,,焊丝welding wire 2.0mm,4,KG,KG,林肯Lincoln,,895835603,焊丝,500,100,
10018,,焊丝welding wire MW-70MC,4,KG,KG,/,,895835603,焊丝,2400,1200,此物料待定
10019,,焊丝welding wire 3.2mm,4,KG,KG,林肯Lincoln,,895835603,焊丝,2400,1200,
10020,,埋弧焊_焊剂 SHIO-0019/16,4,KG,KG,林肯Lincoln,,895835603,焊剂,1000,500,
10021,,铁砂 G25,4,KG,KG,/,,895835603,铁砂,0,0,物料 消耗完毕，废弃此物料 
10022,,铁砂 G40,4,KG,KG,/,,895835603,铁砂,1000,500,申请采购中
10023,,铁砂 G18,4,KG,KG,/,,895835603,铁砂,0,0,物料 消耗完毕，废弃此物料 
10024,,防飞溅液Anti-Spatter Spray ,4,PCS,PCS,宾采尔BINZEL,,895835602,配件,12,12,采购中
10025,,JOTA AY30T RAL 22175快干丙烯酸底面漆（橙色，面漆/底漆） 20,4,L,L,JOTUN,1780,895835602,油漆,,200,
10026,,JOTA AY30T RAL 6029快干丙烯酸底面漆（绿色，面漆/底漆） 20,4,L,L,JOTUN,1580,895835602,油漆,,20,
10027,,Jotun Thinner No.7佐敦7号稀释剂20 20,4,L,L,JOTUN,420,895835602,油漆,,200,
10028,,Barrier 80环氧富锌底漆（底漆/灰色） 9,4,L,L,JOTUN,891,895835602,油漆,,30,
10029,,Penguard Midcoat M20快干环氧云铁中间漆M20（灰色） 20,4,L,L,JOTUN,630,895835602,油漆,,20,
10030,,Jotun Thinner No.17佐敦17号稀释剂20 20,4,L,L,JOTUN,420,895835602,油漆,,20,
10031,,Hardtop XP RAL 22175/KM9脂肪族聚氨酯面漆（橙色） 20,4,L,L,JOTUN,1580,895835602,油漆,,20,
10032,,Jotun Thinner No.10佐敦10号稀释剂 20,4,L,L,JOTUN,420,895835602,油漆,,20,
10033,,Jota AK20T RAL 7035快干醇酸（面漆） 20,4,L,L,JOTUN,700,895835602,油漆,,20,
10034,,润滑脂 LGEP2/18,4,KG,KG,SKF,,895835603,油品,180,270,
10035,,润滑脂 V100  2,4,L,L,壳牌,,,油品,,,
10036,,Blaser水溶性金属加工液 208,4,L,L,,,895835603,油品,208,208,
10037,, 钻头 5.0mm,4,PCS,PCS,Dormer Tools,,,刀具,10,10,
10038,, 钻头 6.8mm,4,PCS,PCS,Dormer Tools,,,刀具,10,10,
10039,, 钻头 8.5mm,4,PCS,PCS,Dormer Tools,,,刀具,10,10,
10040,, 钻头 10.3mm,4,PCS,PCS,Dormer Tools,,,刀具,10,10,
10041,, 钻头 14.0mm,4,PCS,PCS,Dormer Tools,,,刀具,5,5,
10042,, 钻头 17.5mm,4,PCS,PCS,Dormer Tools,,,刀具,5,5,
10043,, 钻头 21.0mm,4,PCS,PCS,Dormer Tools,,,刀具,5,5,
10044,, 钻头 12.1mm,4,PCS,PCS,Dormer Tools,,,刀具,5,5,
10045,, 钻头 A100*25（套装）,4,PCS,PCS,Dormer Tools,,,刀具,1,3,物料 消耗完毕，废弃此物料 
10046,,T-Max? P车削方刀杆 DDJNL 3232P 15,4,PCS,PCS,山特维克Sandvik,,895835603,刀具,2,2,
10047,,T-Max? P车削方刀杆 DDJNR 3232P 15,4,PCS,PCS,山特维克Sandvik,,895835603,刀具,2,2,
10048,,T-Max? P车削方刀杆 DSKNL 3232P 15,4,PCS,PCS,山特维克Sandvik,,895835603,刀具,2,2,
10049,,T-Max? P车削方刀夹 PCLNL 16CA-12   ,4,PCS,PCS,山特维克Sandvik,,895835603,刀具,2,2,
10050,,T-Max? P刀具附件 391 530-c4,4,PCS,PCS,山特维克Sandvik,,895835603,刀具,2,1,
10051,,T-Max? P车削方刀柄 DSSNR 4040S 19,4,PCS,PCS,山特维克Sandvik,,895835603,刀具,2,1,
10052,,T-Max? P车削方刀杆 MSSNL 4040S 25 ,4,PCS,PCS,山特维克Sandvik,,895835603,刀具,2,1,
10053,,T-Max? P车削方刀杆 DDJNR 2525M 11,4,PCS,PCS,山特维克Sandvik,,895835603,刀具,2,1,
10054,,Coromant Capto? - ER弹簧夹头 C4-391.14-25 052,4,PCS,PCS,山特维克Sandvik,,895835603,刀具,2,1,
10055,,ER夹套 393.15-25 08,4,PCS,PCS,山特维克Sandvik,,895835603,刀具,2,1,
10056,,ER夹套 393.15-25 06,4,PCS,PCS,山特维克Sandvik,,895835603,刀具,2,1,
10057,,ER夹套 393.15-25 10,4,PCS,PCS,山特维克Sandvik,,895835603,刀具,2,1,
10058,,ER夹套 393.15-25 12,4,PCS,PCS,山特维克Sandvik,,895835603,刀具,2,1,
10059,,ER夹套 393.15-25 14,4,PCS,PCS,山特维克Sandvik,,895835603,刀具,2,1,
10060,,T-Max? P刀具附件 5533 051-03,4,PCS,PCS,山特维克Sandvik,,895835603,刀具,2,1,
10061,,快换接柄 393.03-SES2 D140*112,4,PCS,PCS,山特维克Sandvik,,895835603,刀具,2,1,
10062,,快换接柄 393.03-SES2 D140*100,4,PCS,PCS,山特维克Sandvik,,895835603,刀具,2,1,
10063,,CoroDrill? 460整体硬质合金钻头 460.1-0510-026A1-XM GC34,4,PCS,PCS,山特维克Sandvik,,895835603,刀具,2,1,
10064,,CoroDrill? 461整体硬质合金钻头 460.1-0690-35A1-XM GC34,4,PCS,PCS,山特维克Sandvik,,895835603,刀具,2,1,
10065,,CoroDrill? 462整体硬质合金钻头 460.1-0870-044A1-XM GC34,4,PCS,PCS,山特维克Sandvik,,895835603,刀具,2,1,
10066,,CoroDrill? 463整体硬质合金钻头 460.1-1400-063A1-XM GC34,4,PCS,PCS,山特维克Sandvik,,895835603,刀具,2,1,
10067,,CoroDrill? 464整体硬质合金钻头 460.1-1040-052A1-XM GC34,4,PCS,PCS,山特维克Sandvik,,895835603,刀具,2,1,
10068,,Coromant Capto? - 快换攻丝夹头 C5-391.61-02 129,4,PCS,PCS,山特维克Sandvik,,895835603,刀具,2,1,
10069,,CoroDrill? 870可换头钻头 870-2100-21L 25-5,4,PCS,PCS,山特维克Sandvik,,895835603,刀具,2,1,
10070,,CoroDrill? 870可换头钻头 870-1700-17L 20-5,4,PCS,PCS,山特维克Sandvik,,895835603,刀具,2,1,
10071,,刀板刀架 151.2-3232-25,4,PCS,PCS,山特维克Sandvik,,895835603,刀具,2,1,
10072,,T-Max? P车削方刀杆 MTENN 3232P 22 M1,4,PCS,PCS,山特维克Sandvik,,895835603,刀具,2,2,
10073,,CoroCut? 1-2切断刀板 N123 G55 25-A2,4,PCS,PCS,山特维克Sandvik,,895835603,刀具,2,1,
10074,,CoroTurn? 107车削刀片 TCMT 11 03 04-PM 4225,4,PCS,PCS,山特维克Sandvik,,895835603,刀具,30,20,
10075,,T-Max? P车削刀片 DNMG 1104 04-PM 4325,4,PCS,PCS,山特维克Sandvik,,895835603,刀具,30,20,
10076,,CoroMill? 390铣削刀片 R390-18 06 12 M-PM 4230 ,4,PCS,PCS,山特维克Sandvik,,895835603,刀具,30,20,
10077,,CoroTurn? 107车削刀片 TCGT 11 03 04L-K 1125,4,PCS,PCS,山特维克Sandvik,,895835603,刀具,30,20,
10078,,CoroCut? 1-2切断刀片 N123 G2-0300-0002-CM 1145,4,PCS,PCS,山特维克Sandvik,,895835603,刀具,30,10,
10079,,T-Max? P车削刀片 CNMG 12 04 08-PM 4325 ,4,PCS,PCS,山特维克Sandvik,,895835603,刀具,30,20,
10080,,CoroTurn? 107车削刀片 TCMT 16 T3 08-PM 4325,4,PCS,PCS,山特维克Sandvik,,895835603,刀具,30,20,
10081,,T-Max? P车削刀片 SNMG 15 06 12-PM 4325,4,PCS,PCS,山特维克Sandvik,,895835603,刀具,30,20,
10082,,T-Max? P车削刀片 DNMX 11 04 08-WM 4325,4,PCS,PCS,山特维克Sandvik,,895835603,刀具,30,20,
10083,,T-Max? P车削刀片 SNMG 12 04 08-PR 4325,4,PCS,PCS,山特维克Sandvik,,895835603,刀具,30,20,
10084,,T-Max? P车削刀片 TNMG 27 06 08-PR 4325,4,PCS,PCS,山特维克Sandvik,,895835603,刀具,30,20,
10085,,T-Max? P车削刀片 TNMG 27 06 12-PR 4325,4,PCS,PCS,山特维克Sandvik,,895835603,刀具,20,10,
10086,,T-Max?长刃铣削刀片 LDHT 19 04 00-PL 1030,4,PCS,PCS,山特维克Sandvik,,895835603,刀具,30,20,
10087,,CoroMill? 345铣削刀片 345R-1305M-PM 4230,4,PCS,PCS,山特维克Sandvik,,895835603,刀具,30,20,
10088,,T-Max? P车削刀片 SNMG 19 06 12-QM 4325,4,PCS,PCS,山特维克Sandvik,,895835603,刀具,30,20,
10089,,T-Max? P车削刀片 DNMG 15 06 08-PM 4325,4,PCS,PCS,山特维克Sandvik,,895835603,刀具,30,20,
10090,,CoroTurn? 107车削刀片 TCMT 11 03 04-PE 4325,4,PCS,PCS,山特维克Sandvik,,895835603,刀具,30,20,
10091,,CoroCut? 1-2切断刀片 L123J2-0500-0504-CR 1125,4,PCS,PCS,山特维克Sandvik,,895835603,刀具,30,20,
10092,,CoroTurn? 107车削刀片 TCMX 11 03 04-WM 4315,4,PCS,PCS,山特维克Sandvik,,895835603,刀具,30,10,
10093,,T-Max? P车削刀片 TNMG 22 04 08-PM 4235,4,PCS,PCS,山特维克Sandvik,,895835603,刀具,30,20,
10094,,T-Max? P车削刀片 SNMG 25 07 16-PR 4325,4,PCS,PCS,山特维克Sandvik,,895835603,刀具,30,10,
10095,,CoroDrill? 870刀头 870-1780-17-PM,4,PCS,PCS,山特维克Sandvik,,895835603,刀具,20,10,
10096,,CoroDrill? 870刀头 870-2120-21-PM,4,PCS,PCS,山特维克Sandvik,,895835603,刀具,20,10,
10097,,T-Max? P车削刀片 CNMG 12 04 08-PF 4215,4,PCS,PCS,山特维克Sandvik,,895835603,刀具,30,10,
10098,,T-Max? P车削刀片 CNMG 12 04 08-PR 4225,4,PCS,PCS,山特维克Sandvik,,895835603,刀具,30,10,
10099,,T-Max? P车削刀片 DNMG 15 06 08-PM 4225,4,PCS,PCS,山特维克Sandvik,,895835603,刀具,30,10,
10100,,T-Max? P车削刀片 DNMG 15 06 12-PM 4325,4,PCS,PCS,山特维克Sandvik,,895835603,刀具,30,10,
10101,,车削的T-Max? P切削单元 C6-DCLNL-45065-16,4,PCS,PCS,山特维克Sandvik,,895835603,刀具,2,2,
10102,,车削的T-Max? P切削单元 C6-DCLNL-45065-15,4,PCS,PCS,山特维克Sandvik,,895835603,刀具,2,1,
10103,,Coromant Capto?加长接杆 C6-391.01-63 100A,4,PCS,PCS,山特维克Sandvik,,895835603,刀具,2,1,
10104,,T-Max? P刀具附件 391.540-C8,4,PCS,PCS,山特维克Sandvik,,895835603,刀具,2,1,
10105,,T-Max? P刀具附件 391.540-C4,4,PCS,PCS,山特维克Sandvik,,895835603,刀具,2,1,
10106,,车削的T-Max? P切削单元 C6-DDJNR-45065-15,4,PCS,PCS,山特维克Sandvik,,895835603,刀具,2,1,
10107,,T-Max? P车削切削头 570-DDUNR-40-15,4,PCS,PCS,山特维克Sandvik,,895835603,刀具,2,1,
10108,,T-Max? P车削刀夹 PCLNR 16CA-12,4,PCS,PCS,山特维克Sandvik,,895835603,刀具,2,1,
10109,,车削的T-Max? P切削单元 C5-DCLNR-17090-12,4,PCS,PCS,山特维克Sandvik,,895835603,刀具,2,1,
10110,,T-Max? P刀具附件 391.510-140 50,4,PCS,PCS,山特维克Sandvik,,895835603,刀具,2,1,
10111,,T-Max? P刀具附件 391.530-C5,4,PCS,PCS,山特维克Sandvik,,895835603,刀具,2,1,
10112,,T-Max? P刀具附件 391.530-C8,4,PCS,PCS,山特维克Sandvik,,895835603,刀具,2,1,
10113,,Coromant Capto? - CoroTurn? SL减振接杆 C5-570-3C 40 194,4,PCS,PCS,山特维克Sandvik,,895835603,刀具,2,2,
10114,,T-Max? P刀具附件 391.530-C6,4,PCS,PCS,山特维克Sandvik,,895835603,刀具,2,1,
10115,,CoroMill? 495倒角铣刀 495-025A25-3009H,4,PCS,PCS,山特维克Sandvik,,895835603,刀具,2,1,
10116,,T-Max? P刀具附件 391.540-C5,4,PCS,PCS,山特维克Sandvik,,895835603,刀具,2,1,
10117,,T-Max? P刀具配件 C6-CP-01,4,PCS,PCS,山特维克Sandvik,,895835603,刀具,2,2,
10118,,T-Max? P刀具配件 C5-CP-01,4,PCS,PCS,山特维克Sandvik,,895835603,刀具,2,2,
10119,,T-Max? P刀具配件 3021-010-030,4,PCS,PCS,山特维克Sandvik,,895835603,刀具,2,2,
10120,,CoroMill? 390方肩铣刀 R390-063C8-57M MAX,4,PCS,PCS,山特维克Sandvik,,895835603,刀具,2,1,
10121,,CoroMill? 390方肩铣刀 R390-100C8-71M,4,PCS,PCS,山特维克Sandvik,,895835603,刀具,2,1,
10122,,MAS-BT 403 - Coromant Capto?接柄 C8-390B.58-50 070,4,PCS,PCS,山特维克Sandvik,,895835603,刀具,2,2,
10123,,MAS-BT 404 - Coromant Capto?接柄 C4-390B.58-50 040,4,PCS,PCS,山特维克Sandvik,,895835603,刀具,2,2,
10124,,MAS-BT 403 - Coromant Capto?接柄 C5-390B.58-50 040,4,PCS,PCS,山特维克Sandvik,,895835603,刀具,2,2,
10125,,Coromant Capto? - 快换攻丝夹头 C5-391.61-01 097,4,PCS,PCS,山特维克Sandvik,,895835603,刀具,2,2,
10126,,Coromant Capto?钻夹头 C5-391.32-123 103,4,PCS,PCS,山特维克Sandvik,,895835603,刀具,2,1,
10127,,/ BT50-MAS403-MK3,4,PCS,PCS,山特维克Sandvik,,895835603,刀具,2,1,
10128,,U-Max?方肩铣刀 R215-080C8-15 0L,4,PCS,PCS,山特维克Sandvik,,895835603,刀具,2,1,
10129,,/ BT50-MAS403-MK4,4,PCS,PCS,山特维克Sandvik,,895835603,刀具,2,1,
10130,,CoroMill? 345面铣刀 345-100C8-13H ,4,PCS,PCS,山特维克Sandvik,,895835603,刀具,2,2,
10131,,CoroMill? 346面铣刀 345-040C4-13M,4,PCS,PCS,山特维克Sandvik,,895835603,刀具,2,2,
10132,,焊接分流器 TGR1001,4,PCS,PCS,松下Panasonic,,895835602,配件,20,10,
10133,,钻头 3.0mm,4,PCS,PCS,/,,895835602,配件,50,30,
10134,,西卡密封胶 11FC,4,PCS,PCS,/,,895835603,配件,20,20,
10135,,焊嘴防堵剂 BD-A102型,4,PCS,PCS,贝多,,895835602,配件,5,2,
10136,,T-Max? P车削刀片 DNMG 11 04 08-PM 4325,4,PCS,PCS,山特维克Sandvik,,895835603,刀具,30,20,
10137,,CoroMill? 495倒角铣刀 495-09T3M-PM 1030,4,PCS,PCS,山特维克Sandvik,,895835603,刀具,30,20,
10138,,495-09T3M-PM 1030 LEHT 18 04 16R-PL2 1030,4,PCS,PCS,山特维克Sandvik,,895835603,刀具,30,20,
10139,,T-Max? P车削刀片 CNMG 16 06 12-PM 4325,4,PCS,PCS,山特维克Sandvik,,895835603,刀具,30,20,
10140,,CoroTurn? 107切削单元 C6-SRSCR-45065-10HP,4,PCS,PCS,山特维克Sandvik,,895835603,刀具,2,2,
10141,,CoroTurn? 107切削单元 C5-SRSCR-35060-10HP,4,PCS,PCS,山特维克Sandvik,,895835603,刀具,2,2,
10142,,CoroTurn? 107切削单元 C5-SRSCL-35060-10HP,4,PCS,PCS,山特维克Sandvik,,895835603,刀具,2,2,
10143,,CoroTurn? 107切削单元 C6-SRDCN-00100-10,4,PCS,PCS,山特维克Sandvik,,895835603,刀具,2,2,
10144,,CoroTurn? 107切削单元 C6-SRSCL-45065-10HP,4,PCS,PCS,山特维克Sandvik,,895835603,刀具,2,2,
10145,,CoroTurn? 107车削刀片 RCMT 10 T3 M0 4235,4,PCS,PCS,山特维克Sandvik,,895835603,刀具,30,20,
10146,,不锈钢攻牙油 /,4,瓶,瓶,SKS,,895835603,耗材,10,2,
10147,,/ BT50-MAS403-MK3,4,PCS,PCS,山特维克Sandvik,,895835603,刀具,2,2,
10148,,/ BT50-MAS403-MK4,4,PCS,PCS,山特维克Sandvik,,895835603,刀具,2,2,
10149,,电镀色手摇自喷漆 /,4,瓶,瓶,三和,,895835602,油漆,5,5,
10150,,WD40 /,4,瓶,瓶,/,,895835602,耗材,5,5,
10151,,螺纹锁固剂 242,4,瓶,瓶,LOCTITE,,895835603,耗材,5,3,
10152,,焊接分流器 30.0145,4,PCS,PCS,林肯,,895835603,配件,20,10,
10153,,/ 265.2-821,4,PCS,PCS,山特维克Sandvik,,895835603,刀具,2,1,
10154,,/ A34-R826C-E 017,4,PCS,PCS,山特维克Sandvik,,895835603,刀具,2,1,
10155,,/ R825C-AF23STUC1103A,4,PCS,PCS,山特维克Sandvik,,895835603,刀具,2,1,
10156,,铁砂 G16,4,KG,KG,/,,895835603,配件,1000,1000,
10157,,润滑油 LHMF  300/1,4,L,L,SKF,,,油品,20,15,
10158,,钻头 10MM,4,PCS,PCS,上工,,895835603,刀具,20,10,
10159,,钻头 11MM,4,PCS,PCS,上工,,895835603,刀具,20,10,
10160,,钻头 12MM,4,PCS,PCS,上工,,895835603,刀具,20,10,
10161,,钻头 13MM,4,PCS,PCS,上工,,895835603,刀具,20,10,
10162,,钻头 14MM,4,PCS,PCS,上工,,895835603,刀具,20,10,
10163,,钻头 15MM,4,PCS,PCS,上工,,895835603,刀具,20,10,
10164,,钻头 16MM,4,PCS,PCS,上工,,895835603,刀具,20,10,
10165,,刀垫 5322 234-03,4,PCS,PCS,山特维克Sandvik,,895835603,刀具,,,
10166,,刀垫 5322 266-02,4,PCS,PCS,山特维克Sandvik,,895835603,刀具,,,
10167,,刀垫 5322 425-04,4,PCS,PCS,山特维克Sandvik,,895835603,刀具,,,
10168,,刀垫 5322 267-01,4,PCS,PCS,山特维克Sandvik,,895835603,刀具,,,
10169,,刀垫 5322 234-04,4,PCS,PCS,山特维克Sandvik,,895835603,刀具,,,
10170,,刀垫 181.38-852,4,PCS,PCS,山特维克Sandvik,,895835603,刀具,,,
10171,,刀垫 5322 315-05,4,PCS,PCS,山特维克Sandvik,,895835603,刀具,,,
10172,,刀片 CNMG 16 06 08-PM 4325,4,PCS,PCS,山特维克Sandvik,,895835603,刀具,,,
10173,,刀片 TCMT 11 03 08-PM 4225,4,PCS,PCS,山特维克Sandvik,,895835603,刀具,,,
10174,,防飞溅液 192.0198.0,4,瓶,瓶,宾采儿,,895835603,焊接,,,
10175,,泄压阀 729832A,4,PCS,PCS,SKF,,895835603,配件,5,2,
10176,,刀片 XOMX120408TR-ME08， MP2500,4,PCS,PCS,高山,,895835603,刀具,20,10,
10177,,刀杆 E341655252755,4,PCS,PCS,高山,,895835603,刀具,1,1,
